episode,reward,profit
365657514968153587,42315.8608816567,42315.8608816567
830286935195665593,42315.8608816567,42315.8608816567
315921953553420878,42315.8608816567,42315.8608816567
814188986233286243,42315.8608816567,42315.8608816567
253558989886662505,42315.8608816567,42315.8608816567
557449199719771899,42315.8608816567,42315.8608816567
627767100173330306,42315.8608816567,42315.8608816567
301627931842408224,42315.8608816567,42315.8608816567
978525249133496732,42315.8608816567,42315.8608816567
706386022164048774,42315.8608816567,42315.8608816567
784000000313742621,5385.333752529628,5385.333752529628
120930147388325685,5387.805548817179,5387.805548817179
249026442069360930,5387.805548817179,5387.805548817179
510408569363578323,5387.805548817179,5387.805548817179
249050864615890159,5387.805548817179,5387.805548817179
384614671117508998,5387.805548817179,5387.805548817179
856263708104035998,5387.805548817179,5387.805548817179
100152054468384778,5387.805548817179,5387.805548817179
83926132973947237,5387.805548817179,5387.805548817179
57636189224026510,5387.805548817179,5387.805548817179
219515798214696284,37385.820391124944,37386.12039112494
647514464342835015,37385.820391124944,37386.12039112494
213674476995802554,37385.820391124944,37386.12039112494
844065423289069932,37385.820391124944,37386.12039112494
905822976875639528,37385.820391124944,37386.12039112494
213626918436271897,37385.820391124944,37386.12039112494
192981742610944906,37385.820391124944,37386.12039112494
395319226131040930,37385.820391124944,37386.12039112494
411075252609268302,37385.820391124944,37386.12039112494
180891898686580826,37385.820391124944,37386.12039112494
560638273797635222,37254.37757848779,37297.877578487416
724352675921561428,37254.27757848778,37297.877578487416
906108023038663408,37254.27757848778,37297.877578487416
229357541582424239,37254.27757848778,37297.877578487416
938733898414610837,37254.27757848778,37297.877578487416
539468893192197939,37254.27757848778,37297.877578487416
923341251168510901,37254.27757848778,37297.877578487416
379094325657779574,37254.27757848778,37297.877578487416
452800215094097251,37254.27757848778,37297.877578487416
263417176646048425,37254.27757848778,37297.877578487416
331548948480319950,37914.76001819993,37914.86001819993
615923602551835903,37923.76690355302,37923.76690355302
279633821330588351,37923.76690355302,37923.76690355302
278853815225192817,37923.76690355302,37923.76690355302
477295334991152288,37923.76690355302,37923.76690355302
636416017028929372,37923.76690355302,37923.76690355302
646531478532634520,37923.76690355302,37923.76690355302
179662090581545520,37923.76690355302,37923.76690355302
529560728834116480,37923.76690355302,37923.76690355302
234561867711783720,37923.76690355302,37923.76690355302
325179940948146714,37923.76690355302,37923.76690355302
236907200446937824,37923.76690355302,37923.76690355302
380987679926267037,37923.76690355302,37923.76690355302
325404177722577025,37923.76690355302,37923.76690355302
203257763033694663,37923.76690355302,37923.76690355302
951400243041984070,37923.76690355302,37923.76690355302
581806227499887906,37923.76690355302,37923.76690355302
19601198447614628,37923.76690355302,37923.76690355302
3604120025397676,37923.76690355302,37923.76690355302
153492987435188502,37923.76690355302,37923.76690355302
183713437234154720,37923.76690355302,37923.76690355302
929579583831207382,37923.76690355302,37923.76690355302
443250729973552521,37923.76690355302,37923.76690355302
366275207126170717,37923.76690355302,37923.76690355302
313829034573718915,37923.76690355302,37923.76690355302
11886161322372130,37923.76690355302,37923.76690355302
543702206239017881,37923.76690355302,37923.76690355302
432342949530793720,37923.76690355302,37923.76690355302
229094889924115769,37923.76690355302,37923.76690355302
505090333508687411,37923.76690355302,37923.76690355302
879399834612445822,37923.76690355302,37923.76690355302
977041505850172053,37923.76690355302,37923.76690355302
38439057881510344,37923.76690355302,37923.76690355302
751422002276820600,37923.76690355302,37923.76690355302
755401514037277899,37923.76690355302,37923.76690355302
797164686264031588,37923.76690355302,37923.76690355302
492137731488276815,37923.76690355302,37923.76690355302
191292312186708182,37923.76690355302,37923.76690355302
73165002417135125,37923.76690355302,37923.76690355302
643907776282930524,37923.76690355302,37923.76690355302
183872397317565657,37923.76690355302,37923.76690355302
762352342522355253,37923.76690355302,37923.76690355302
184014542176076117,37923.76690355302,37923.76690355302
863103012892378348,37923.76690355302,37923.76690355302
405107408302064818,37923.76690355302,37923.76690355302
91642672981790344,37923.76690355302,37923.76690355302
786481087034016710,37923.76690355302,37923.76690355302
364252916786883256,37923.76690355302,37923.76690355302
578073252794468412,37923.76690355302,37923.76690355302
789499925451576735,37923.76690355302,37923.76690355302
82186658792804647,14281.725223595167,14331.925223595234
676236100435930363,37923.76690355302,37923.76690355302
468955221186077747,37923.76690355302,37923.76690355302
142150116475052216,37923.76690355302,37923.76690355302
920424754964406005,37923.76690355302,37923.76690355302
416976188495286994,37923.76690355302,37923.76690355302
941324660962514677,37923.76690355302,37923.76690355302
639065025604167583,37923.76690355302,37923.76690355302
483257132157941971,37923.76690355302,37923.76690355302
560712997555981818,37923.76690355302,37923.76690355302
724551510751558254,37923.76690355302,37923.76690355302
940487554062299941,37923.76690355302,37923.76690355302
439529102614464095,37923.76690355302,37923.76690355302
296334985515458523,37923.76690355302,37923.76690355302
989268467988379514,37923.76690355302,37923.76690355302
529669881788911051,37923.76690355302,37923.76690355302
47714712968152550,37923.76690355302,37923.76690355302
835677392292358913,37923.76690355302,37923.76690355302
651332300758311836,37923.76690355302,37923.76690355302
259113977806554524,37923.76690355302,37923.76690355302
137015410864568473,37923.76690355302,37923.76690355302
221293476981388884,37923.76690355302,37923.76690355302
43010031889485065,37923.76690355302,37923.76690355302
756016166184992903,37923.76690355302,37923.76690355302
958801767831643425,37923.76690355302,37923.76690355302
164058084188409994,37923.76690355302,37923.76690355302
617735635327443959,37923.76690355302,37923.76690355302
945016405165125809,37923.76690355302,37923.76690355302
683260399891567190,37923.76690355302,37923.76690355302
436980876010441658,37923.76690355302,37923.76690355302
656592786796491748,37923.76690355302,37923.76690355302
565208935626895096,37923.76690355302,37923.76690355302
793031717451571612,37923.76690355302,37923.76690355302
953837742399191177,37923.76690355302,37923.76690355302
786463196239463361,37923.76690355302,37923.76690355302
255384163906478926,37923.76690355302,37923.76690355302
597309368778662623,37923.76690355302,37923.76690355302
614243306268050005,37923.76690355302,37923.76690355302
3099794700872878,37923.76690355302,37923.76690355302
432332961127725031,37923.76690355302,37923.76690355302
603218831871946095,37923.76690355302,37923.76690355302
976480431351601058,37923.76690355302,37923.76690355302
998993254727296859,37923.76690355302,37923.76690355302
400276263534267722,37923.76690355302,37923.76690355302
903209458209791698,37923.76690355302,37923.76690355302
515843496763459064,37923.76690355302,37923.76690355302
989193527450247015,37923.76690355302,37923.76690355302
550695335302099272,37923.76690355302,37923.76690355302
825707751907556541,37923.76690355302,37923.76690355302
793821296396613637,37923.76690355302,37923.76690355302
847209090649324161,37923.76690355302,37923.76690355302
645154993755711658,37923.76690355302,37923.76690355302
745004047122687589,37923.76690355302,37923.76690355302
57477539691841216,37923.76690355302,37923.76690355302
451154072232027587,37923.76690355302,37923.76690355302
863147955017161984,37923.76690355302,37923.76690355302
203809452963132953,37923.76690355302,37923.76690355302
746394366270601486,37923.76690355302,37923.76690355302
326447248443226563,37923.76690355302,37923.76690355302
83144841126167167,37923.76690355302,37923.76690355302
816333286119302273,37923.76690355302,37923.76690355302
596830973119070691,33594.99079042823,33594.99079042823
78133385971173758,33594.99079042823,33594.99079042823
834084702372170177,33594.99079042823,33594.99079042823
939281821433902131,33594.99079042823,33594.99079042823
216485289187478580,33594.99079042823,33594.99079042823
428021447831149389,33594.99079042823,33594.99079042823
332994931440193976,33594.99079042823,33594.99079042823
592984662382375635,33594.99079042823,33594.99079042823
848261429381891060,33594.99079042823,33594.99079042823
472470241172323502,33594.99079042823,33594.99079042823
612866960107201684,36924.13750777439,36924.13750777439
115484225490442577,36924.13750777439,36924.13750777439
464161778367025084,36924.13750777439,36924.13750777439
81510203040129087,36924.13750777439,36924.13750777439
593970136016517184,36924.13750777439,36924.13750777439
83679184477018009,36924.13750777439,36924.13750777439
631224417556757760,36924.13750777439,36924.13750777439
200457744080354610,36924.13750777439,36924.13750777439
867133703963705307,36924.13750777439,36924.13750777439
265872390324994343,38354.443306453715,38354.443306453715
52025952154680790,38354.443306453715,38354.443306453715
918269334810307303,38354.443306453715,38354.443306453715
942506591143160161,38354.443306453715,38354.443306453715
496040821429519033,38354.443306453715,38354.443306453715
691790909542662526,38354.443306453715,38354.443306453715
167989796921384665,38354.443306453715,38354.443306453715
93089196975413608,38354.443306453715,38354.443306453715
841583848600058488,38354.443306453715,38354.443306453715
683018732784097428,38354.443306453715,38354.443306453715
455754365982934548,25371.60992579336,25394.309925793284
120105881650906625,37408.967009243046,37408.967009243046
48292044448858616,37408.967009243046,37408.967009243046
452335238290837252,37408.967009243046,37408.967009243046
188331381180550195,37408.967009243046,37408.967009243046
488078481196222,37408.967009243046,37408.967009243046
859042009782593006,37408.967009243046,37408.967009243046
192653679982012468,37408.967009243046,37408.967009243046
463298858479172018,37408.967009243046,37408.967009243046
548726828774271461,37408.967009243046,37408.967009243046
113509729326256627,37408.967009243046,37408.967009243046
607795056060378948,30998.979395771326,30998.979395771326
506927103681680908,30998.979395771326,30998.979395771326
261784855677714939,30998.979395771326,30998.979395771326
896193803616119930,30998.979395771326,30998.979395771326
254325254605352308,30998.979395771326,30998.979395771326
311717482599905182,30998.979395771326,30998.979395771326
761459055565973089,30998.979395771326,30998.979395771326
748059321849912639,30998.979395771326,30998.979395771326
299782297079619620,30998.979395771326,30998.979395771326
932837423248779298,30998.979395771326,30998.979395771326
363362910585866887,10062.891787029675,10063.091787029673
267717393767101381,10062.891787029675,10063.091787029673
456862554250643808,10062.891787029675,10063.091787029673
178193039418994393,10062.891787029675,10063.091787029673
111870539303412717,10062.891787029675,10063.091787029673
774772632074589112,10062.891787029675,10063.091787029673
873648427111366091,10062.891787029675,10063.091787029673
787263819005059264,10062.891787029675,10063.091787029673
358134111260180110,10062.891787029675,10063.091787029673
605044283340290758,10062.891787029675,10063.091787029673
410549546252357703,36699.76834057632,36715.96834057618
150355127260205659,36699.76834057632,36715.96834057618
558963493815259624,36699.76834057632,36715.96834057618
745425696966400091,36699.76834057632,36715.96834057618
450167929745295514,36699.76834057632,36715.96834057618
724890331072888593,36699.76834057632,36715.96834057618
800452527787361650,36699.76834057632,36715.96834057618
917227033678519936,36699.76834057632,36715.96834057618
823079135202790854,36699.76834057632,36715.96834057618
450437938184952052,36699.76834057632,36715.96834057618
56562008900598727,34282.73896917869,34455.738969177255
784650358007744347,40744.721359864874,40917.821359863294
262610297035252246,40744.721359864874,40917.821359863294
531834451000028324,40744.721359864874,40917.821359863294
546222718940553176,40744.721359864874,40917.821359863294
478100900184147088,40744.721359864874,40917.821359863294
181716095439693706,40744.721359864874,40917.821359863294
610690468962830264,40744.721359864874,40917.821359863294
820021246312663139,40744.721359864874,40917.821359863294
683063573173038080,40744.721359864874,40917.821359863294
383752196962171346,6875.149584472501,7059.549584472661
33318665004474157,6875.149584472501,7059.549584472661
337820672724581886,6875.149584472501,7059.549584472661
898122538506481042,6875.149584472501,7059.549584472661
126124038766799590,6875.149584472501,7059.549584472661
399504196818038601,6875.149584472501,7059.549584472661
797024850435591693,6875.149584472501,7059.549584472661
533401114663198471,6875.149584472501,7059.549584472661
463097444352799883,6875.149584472501,7059.549584472661
967182520563004770,6875.149584472501,7059.549584472661
498510728637026900,6528.536070228611,6644.636070228902
549193594091611203,6517.164067001371,6633.164067001664
316219396682293748,6517.164067001371,6633.164067001664
753114093935120673,6517.164067001371,6633.164067001664
662206360557421644,6517.164067001371,6633.164067001664
354118370307235640,6517.164067001371,6633.164067001664
566363609108299855,6517.164067001371,6633.164067001664
709167276911662164,6517.164067001371,6633.164067001664
731113222960991020,6517.164067001371,6633.164067001664
134269609014602781,6517.164067001371,6633.164067001664
530603311115993404,3511.6738264088253,3514.773826408833
679487212970620683,3511.6738264088253,3514.773826408833
538718633576233934,3511.6738264088253,3514.773826408833
768219175086024020,3511.6738264088253,3514.773826408833
213550674035227876,3511.6738264088253,3514.773826408833
83216947955376729,3511.6738264088253,3514.773826408833
395965155901693785,3511.6738264088253,3514.773826408833
745024731022583949,3511.6738264088253,3514.773826408833
482553037318091627,3511.6738264088253,3514.773826408833
963893304198728483,3511.6738264088253,3514.773826408833
883866640039257703,29965.79968495576,29966.299684955753
879802786898163013,29965.79968495576,29966.299684955753
738711882424266134,29965.79968495576,29966.299684955753
217360346203424107,29965.79968495576,29966.299684955753
563770470682776795,29965.79968495576,29966.299684955753
467548201388465289,29965.79968495576,29966.299684955753
534159609351604494,29965.79968495576,29966.299684955753
455173910495112479,29965.79968495576,29966.299684955753
785835790144640214,29965.79968495576,29966.299684955753
173760222753513675,29965.79968495576,29966.299684955753
422800631322167742,37292.82936421589,37292.82936421589
700583618533487835,37292.82936421589,37292.82936421589
595786421049873015,37292.82936421589,37292.82936421589
94215768668488953,37292.82936421589,37292.82936421589
476112921867968357,37292.82936421589,37292.82936421589
343649007579605701,37292.82936421589,37292.82936421589
536703337140486720,37292.82936421589,37292.82936421589
901112266834627127,37292.82936421589,37292.82936421589
781579579017802525,37292.82936421589,37292.82936421589
259643891779131046,37292.82936421589,37292.82936421589
361764517150616883,38052.77544652178,38052.77544652178
554305395945956703,38052.77544652178,38052.77544652178
225949256592982434,38052.77544652178,38052.77544652178
564098786559877473,38052.77544652178,38052.77544652178
100444117056693921,38052.77544652178,38052.77544652178
438503832328309283,38052.77544652178,38052.77544652178
525346081242605898,38052.77544652178,38052.77544652178
591087538433469728,38052.77544652178,38052.77544652178
988798641227553579,38052.77544652178,38052.77544652178
691650259901930855,38052.77544652178,38052.77544652178
563531393201913422,-646.1032980571855,-588.0032980572178
596058925855137852,40941.063420700186,40941.063420700186
847170318665512697,40941.063420700186,40941.063420700186
934444088987377058,40941.063420700186,40941.063420700186
291396391296527526,40941.063420700186,40941.063420700186
944730686643377951,40941.063420700186,40941.063420700186
429500469982614452,40941.063420700186,40941.063420700186
796809075556930098,40941.063420700186,40941.063420700186
634848640510813824,40941.063420700186,40941.063420700186
404826879584678621,40941.063420700186,40941.063420700186
792518313636832446,40941.063420700186,40941.063420700186
997310590323908651,36227.12867863484,36227.12867863484
581772256763632878,36227.12867863484,36227.12867863484
995633512163853143,36227.12867863484,36227.12867863484
644388619017264565,36227.12867863484,36227.12867863484
919847295448071909,36227.12867863484,36227.12867863484
508703818521739881,36227.12867863484,36227.12867863484
327835464023917396,36227.12867863484,36227.12867863484
818592623181176381,36227.12867863484,36227.12867863484
558337475695498208,36227.12867863484,36227.12867863484
908254910175906127,36227.12867863484,36227.12867863484
695862562496930961,40739.05630186849,40739.05630186849
954085083360902390,40739.05630186849,40739.05630186849
204215933029289413,40739.05630186849,40739.05630186849
228419449697613485,40739.05630186849,40739.05630186849
944657181772224815,40739.05630186849,40739.05630186849
93152171389358623,40739.05630186849,40739.05630186849
592899809853979455,40739.05630186849,40739.05630186849
615823556113967511,40739.05630186849,40739.05630186849
695611052770615342,40739.05630186849,40739.05630186849
195314808464939033,40739.05630186849,40739.05630186849
832843830324998179,38863.37082233052,38863.37082233052
419412825160779105,38863.37082233052,38863.37082233052
262115395930176120,38863.37082233052,38863.37082233052
95994348408617319,38863.37082233052,38863.37082233052
211877912520875578,38863.37082233052,38863.37082233052
570867276470410105,38863.37082233052,38863.37082233052
615025169882383708,38863.37082233052,38863.37082233052
515842069545284044,38863.37082233052,38863.37082233052
980675189792528444,38863.37082233052,38863.37082233052
139598834658707921,38863.37082233052,38863.37082233052
342868031597819311,38863.37082233052,38863.37082233052
502441185560445866,38863.37082233052,38863.37082233052
825630476867189618,38863.37082233052,38863.37082233052
785536228895928363,38863.37082233052,38863.37082233052
159947257467886948,38863.37082233052,38863.37082233052
772548138846734543,38863.37082233052,38863.37082233052
630334748504480759,38863.37082233052,38863.37082233052
259350040258015872,38863.37082233052,38863.37082233052
817884397073208206,38863.37082233052,38863.37082233052
468454379626408730,38863.37082233052,38863.37082233052
653746692427019257,38696.12404386525,38696.12404386525
799797511616890203,38696.12404386525,38696.12404386525
511095826099699817,38696.12404386525,38696.12404386525
239348318579908817,38696.12404386525,38696.12404386525
565381896013414218,38696.12404386525,38696.12404386525
925233229807255434,38696.12404386525,38696.12404386525
643193857244859498,38696.12404386525,38696.12404386525
405565457012823059,38696.12404386525,38696.12404386525
903424720109776464,38696.12404386525,38696.12404386525
829037998243481432,38696.12404386525,38696.12404386525
763703927790509839,38863.37082233052,38863.37082233052
289517354028942939,38863.37082233052,38863.37082233052
169662010387505146,38863.37082233052,38863.37082233052
965379931800006434,38863.37082233052,38863.37082233052
296780478229889275,38863.37082233052,38863.37082233052
280102396840201491,38863.37082233052,38863.37082233052
989776960441274641,38863.37082233052,38863.37082233052
2235432891768407,38863.37082233052,38863.37082233052
721767995544625467,38863.37082233052,38863.37082233052
431468537705835808,38863.37082233052,38863.37082233052
212433788463079268,37862.450782642394,37862.55078264239
74105050907818352,37862.450782642394,37862.55078264239
232446922205925800,37862.450782642394,37862.55078264239
799874656893467515,37862.450782642394,37862.55078264239
416181302062591277,37862.450782642394,37862.55078264239
314115508400702541,37862.450782642394,37862.55078264239
909958601273769453,37862.450782642394,37862.55078264239
791590154437140357,37862.450782642394,37862.55078264239
53017077394941482,37862.450782642394,37862.55078264239
664734805903855767,37862.450782642394,37862.55078264239
158984652743477729,38469.55027727895,38469.55027727895
637904509439831179,38469.55027727895,38469.55027727895
761915721904915903,38469.55027727895,38469.55027727895
983642778006440061,38469.55027727895,38469.55027727895
495809389774224111,38469.55027727895,38469.55027727895
501148172334265419,38469.55027727895,38469.55027727895
854559270380429712,38469.55027727895,38469.55027727895
688302211022723897,38469.55027727895,38469.55027727895
135116293500868346,38469.55027727895,38469.55027727895
260857986475684220,38469.55027727895,38469.55027727895
276453685248673708,6482.234991550798,6503.434991550821
837555451814157869,38696.12404386525,38696.12404386525
875151811744499407,38696.12404386525,38696.12404386525
534807671960871252,38696.12404386525,38696.12404386525
73907732853313490,38696.12404386525,38696.12404386525
638844428821675659,38696.12404386525,38696.12404386525
243216632796064732,38696.12404386525,38696.12404386525
660607740145464482,38696.12404386525,38696.12404386525
728720835443423220,38696.12404386525,38696.12404386525
477219990095173111,38696.12404386525,38696.12404386525
972577064806971836,38696.12404386525,38696.12404386525
341942490256335528,34670.43996154423,34670.43996154423
420132320154894848,34670.43996154423,34670.43996154423
901258789723118072,34670.43996154423,34670.43996154423
265425729709808332,34670.43996154423,34670.43996154423
852019701550389551,34670.43996154423,34670.43996154423
12865730816185650,34670.43996154423,34670.43996154423
821760404061985413,34670.43996154423,34670.43996154423
336585371471065002,34670.43996154423,34670.43996154423
887092545308621142,34670.43996154423,34670.43996154423
89866483984476522,34670.43996154423,34670.43996154423
318606011978039501,37923.76690355302,37923.76690355302
220374451360910831,37923.76690355302,37923.76690355302
579025763962317786,37923.76690355302,37923.76690355302
324336217229725490,37923.76690355302,37923.76690355302
964647928745526249,37923.76690355302,37923.76690355302
494237071883232928,37923.76690355302,37923.76690355302
450036261392637090,37923.76690355302,37923.76690355302
506728350043453862,37923.76690355302,37923.76690355302
23537447257110192,37923.76690355302,37923.76690355302
665749072809744026,37923.76690355302,37923.76690355302
324598417842804279,-374.8567770385672,-373.8567770385671
25675725420585128,-364.3847662811223,-363.3847662811222
767974474015794062,-364.3847662811223,-363.3847662811222
876554433367298769,-364.3847662811223,-363.3847662811222
65896168088947912,-364.3847662811223,-363.3847662811222
943396600338733432,-364.3847662811223,-363.3847662811222
488782148998878961,-364.3847662811223,-363.3847662811222
1079043491171849,-364.3847662811223,-363.3847662811222
453968466994363349,-364.3847662811223,-363.3847662811222
842891745447567269,-364.3847662811223,-363.3847662811222
662456823863653221,3934.3073009072996,3934.3073009072996
190316997477395881,3934.3073009072996,3934.3073009072996
191217436735671391,3934.3073009072996,3934.3073009072996
437007821189719028,3934.3073009072996,3934.3073009072996
962763771555688623,3934.3073009072996,3934.3073009072996
63597851386095564,3934.3073009072996,3934.3073009072996
68108709022261023,3934.3073009072996,3934.3073009072996
635670343813563983,3934.3073009072996,3934.3073009072996
507294708570654769,3934.3073009072996,3934.3073009072996
966293526609543208,3934.3073009072996,3934.3073009072996
318176362732246673,0.0,0.0
673253560456159563,0.0,0.0
117531724266443260,0.0,0.0
164682003424261063,0.0,0.0
828616038064356941,0.0,0.0
704708646125583013,0.0,0.0
985626890657078339,0.0,0.0
80023046663834740,0.0,0.0
655864030929785854,0.0,0.0
368949822995234086,0.0,0.0
737322220610964061,-205.01886408996143,-205.01886408996143
275154802900331646,-205.01886408996143,-205.01886408996143
325626451467873514,-205.01886408996143,-205.01886408996143
811781309858892068,-205.01886408996143,-205.01886408996143
82165046433693408,-205.01886408996143,-205.01886408996143
596154736625222161,-205.01886408996143,-205.01886408996143
15657363307840478,-205.01886408996143,-205.01886408996143
37893295234859618,-205.01886408996143,-205.01886408996143
275042986993047804,-205.01886408996143,-205.01886408996143
184027800021905382,-205.01886408996143,-205.01886408996143
686742541683828115,-76.3156405487025,-76.3156405487025
555084596292352557,-76.3156405487025,-76.3156405487025
902360532078103319,-76.3156405487025,-76.3156405487025
873066573459011591,-76.3156405487025,-76.3156405487025
125357723179752098,-76.3156405487025,-76.3156405487025
751695378860081223,-76.3156405487025,-76.3156405487025
687605042902704369,-76.3156405487025,-76.3156405487025
522400165919432820,-76.3156405487025,-76.3156405487025
991762013481670534,-76.3156405487025,-76.3156405487025
944125506861900288,-76.3156405487025,-76.3156405487025
832297050866633679,-1885.7695302083566,-1885.7695302083566
901627799217778452,-1885.7695302083566,-1885.7695302083566
452825069259942604,-1885.7695302083566,-1885.7695302083566
873197386468297338,-1885.7695302083566,-1885.7695302083566
761939771415097868,-1885.7695302083566,-1885.7695302083566
762184608378417252,-1885.7695302083566,-1885.7695302083566
61903747626530655,-1885.7695302083566,-1885.7695302083566
118316267166556702,-1885.7695302083566,-1885.7695302083566
408184783889933940,-1885.7695302083566,-1885.7695302083566
824684217674115200,-1885.7695302083566,-1885.7695302083566
382001209530723665,-565.5021679038829,-552.6021679038804
543984779606216413,-565.5021679038829,-552.6021679038804
787236550100125371,-565.5021679038829,-552.6021679038804
20974151971425155,-565.5021679038829,-552.6021679038804
888465103854971014,-565.5021679038829,-552.6021679038804
677778077721714433,-565.5021679038829,-552.6021679038804
724407561766269342,-565.5021679038829,-552.6021679038804
397609889112638724,-565.5021679038829,-552.6021679038804
684241410102287996,-565.5021679038829,-552.6021679038804
991577921923010808,-565.5021679038829,-552.6021679038804
955831965195467943,29535.975692222783,29551.27569222266
450938760201365534,29544.882577575867,29560.182577575746
538365982828697150,29544.882577575867,29560.182577575746
893566207724465131,29544.882577575867,29560.182577575746
698873388740176023,29544.882577575867,29560.182577575746
324035880743764676,29544.882577575867,29560.182577575746
326673977289426476,29544.882577575867,29560.182577575746
976387955057317078,29544.882577575867,29560.182577575746
13680941918327163,29544.882577575867,29560.182577575746
326028687712793249,29544.882577575867,29560.182577575746
935591789651394303,1639.0217094578402,1676.6217094578915
77936444927270739,-36.49105568693141,-22.591055686931213
941444917398277183,-24.90254836271614,-11.00254836271597
242142420971005954,-24.90254836271614,-11.00254836271597
82417880881566053,-24.90254836271614,-11.00254836271597
212607183698783676,-24.90254836271614,-11.00254836271597
412107963521039549,-24.90254836271614,-11.00254836271597
402401093536183927,-24.90254836271614,-11.00254836271597
846740859590082531,-24.90254836271614,-11.00254836271597
606237598716742791,-24.90254836271614,-11.00254836271597
902384225390760421,-24.90254836271614,-11.00254836271597
762927054886653570,-22.900000000000055,0.0
750917342075518612,-22.900000000000055,0.0
472468446962122256,-22.900000000000055,0.0
410150859645382383,-22.900000000000055,0.0
382512675067513963,-22.900000000000055,0.0
744358642895891677,-22.900000000000055,0.0
626306542673319236,-22.900000000000055,0.0
244710893437536817,-22.900000000000055,0.0
526527199523877864,-22.900000000000055,0.0
527001338272804547,-22.900000000000055,0.0
999302601772409200,-37.20000000000026,0.0
610879839741639189,-37.20000000000026,0.0
151181657278602002,-37.20000000000026,0.0
771283653583084797,-37.20000000000026,0.0
474562706535304893,-37.20000000000026,0.0
807081111813214564,-37.20000000000026,0.0
650915265099798482,-37.20000000000026,0.0
114889017661278384,-37.20000000000026,0.0
368737297021585202,-37.20000000000026,0.0
529847426826083871,-37.20000000000026,0.0
19542878572508932,41790.53220990041,41839.23220989997
236985757693752118,41791.24819999364,41839.94819999321
982411127097496983,41791.24819999364,41839.94819999321
690152600006343175,41791.24819999364,41839.94819999321
467891008377679326,41791.24819999364,41839.94819999321
189990422156921532,41791.24819999364,41839.94819999321
928604823630278664,41791.24819999364,41839.94819999321
459171337188680432,41791.24819999364,41839.94819999321
776629862600317063,41791.24819999364,41839.94819999321
622037530409949821,41791.24819999364,41839.94819999321
315130911482903676,37907.866903553164,37923.76690355302
335068793016044983,37907.866903553164,37923.76690355302
639316283962720623,37907.866903553164,37923.76690355302
599803696342407376,37907.866903553164,37923.76690355302
940657776032153359,37907.866903553164,37923.76690355302
337044810091019560,37907.866903553164,37923.76690355302
62961784140623155,37907.866903553164,37923.76690355302
416720148314105072,37907.866903553164,37923.76690355302
478485884801736096,37907.866903553164,37923.76690355302
453870759165731195,37907.866903553164,37923.76690355302
604159943799287904,41254.717893219364,41291.017893219054
757794343575962135,41254.717893219364,41291.017893219054
498355527300099247,41254.717893219364,41291.017893219054
15681932909766730,41254.717893219364,41291.017893219054
839511386821663954,41254.717893219364,41291.017893219054
560705862229859370,41254.717893219364,41291.017893219054
282581533311475130,41254.717893219364,41291.017893219054
325461231054541202,41254.717893219364,41291.017893219054
606204849516359284,41254.717893219364,41291.017893219054
51965651691707498,41254.717893219364,41291.017893219054
730431785455698728,38739.48303411502,38755.583034114876
11956610214403311,38739.48303411502,38755.583034114876
85296188680414814,38739.48303411502,38755.583034114876
216281317025276709,38739.48303411502,38755.583034114876
129960205033427932,38739.48303411502,38755.583034114876
37148637366551750,38739.48303411502,38755.583034114876
558958912585863624,38739.48303411502,38755.583034114876
197423594313100115,38739.48303411502,38755.583034114876
111014926134735837,38739.48303411502,38755.583034114876
248391825757310839,38739.48303411502,38755.583034114876
158560051194257710,37908.26690355316,37923.76690355302
332727599753065769,37908.26690355316,37923.76690355302
246999062246830655,37908.26690355316,37923.76690355302
813420909292276655,37908.26690355316,37923.76690355302
667556198575435292,37908.26690355316,37923.76690355302
602229184669564170,37908.26690355316,37923.76690355302
910508873998329589,37908.26690355316,37923.76690355302
122071927401283375,37908.26690355316,37923.76690355302
845852122093985998,37908.26690355316,37923.76690355302
687061929622379721,37908.26690355316,37923.76690355302
104936725467130385,38628.99658872638,38663.09658872608
20247648168392075,38628.99658872638,38663.09658872608
760498342684280906,38628.99658872638,38663.09658872608
389300573827920611,38628.99658872638,38663.09658872608
803401888540000323,38628.99658872638,38663.09658872608
784995675556886876,38628.99658872638,38663.09658872608
224901062230876393,38628.99658872638,38663.09658872608
447372113620540145,38628.99658872638,38663.09658872608
370583843497570625,38628.99658872638,38663.09658872608
914168008383072308,38628.99658872638,38663.09658872608
297746282651810641,-1681.761418704641,-1628.761418704673
137885084224821047,37881.96690355339,37923.76690355302
832941750409935566,37881.96690355339,37923.76690355302
769557391987295250,37881.96690355339,37923.76690355302
938292532826778315,37881.96690355339,37923.76690355302
545956202883216171,37881.96690355339,37923.76690355302
536802157764482819,37881.96690355339,37923.76690355302
99305058396696728,37881.96690355339,37923.76690355302
14463001953687906,37881.96690355339,37923.76690355302
328690427198370804,37881.96690355339,37923.76690355302
906324640930910606,37881.96690355339,37923.76690355302
596854574418278813,37886.86690355334,37923.76690355302
766422943749760973,37886.86690355334,37923.76690355302
204572261769898231,37886.86690355334,37923.76690355302
362050047305246744,37886.86690355334,37923.76690355302
533954706898982708,37886.86690355334,37923.76690355302
347159468258600386,37886.86690355334,37923.76690355302
801058222658325699,37886.86690355334,37923.76690355302
407053085054925234,37886.86690355334,37923.76690355302
663858484477844227,37886.86690355334,37923.76690355302
839088243091129652,37886.86690355334,37923.76690355302
632492562046149927,-184.7999999999938,0.0
674189660787577059,-184.7999999999938,0.0
583811747900339797,-184.7999999999938,0.0
519025185784953624,-184.7999999999938,0.0
603557195280758208,-184.7999999999938,0.0
480859803029586990,-184.7999999999938,0.0
264552157364101732,-184.7999999999938,0.0
902670934315370658,-184.7999999999938,0.0
121091436366300637,-184.7999999999938,0.0
153201060529414941,-184.7999999999938,0.0
71744248739008574,44386.89777778412,44570.39777778244
312304234976415174,44386.89777778412,44570.39777778244
715797941891592568,44386.89777778412,44570.39777778244
599863783661776585,44386.89777778412,44570.39777778244
754443525230552549,44386.89777778412,44570.39777778244
253519188382006938,44386.89777778412,44570.39777778244
698640638179696977,44386.89777778412,44570.39777778244
107697277143564762,44386.89777778412,44570.39777778244
602786864511527910,44386.89777778412,44570.39777778244
206841706795674853,44386.89777778412,44570.39777778244
592441632233736569,44401.79777778398,44570.39777778244
847867478668325889,44401.79777778398,44570.39777778244
780041413194173240,44401.79777778398,44570.39777778244
813679847071055794,44401.79777778398,44570.39777778244
622774515203161156,44401.79777778398,44570.39777778244
995773106761630882,44401.79777778398,44570.39777778244
41277712128635204,44401.79777778398,44570.39777778244
11113064854669396,44401.79777778398,44570.39777778244
21895819149036995,44401.79777778398,44570.39777778244
750116914809750121,44401.79777778398,44570.39777778244
759523698408338553,26897.8509387828,27082.150938781742
765380138572979734,26897.8509387828,27082.150938781742
208907739741208109,26897.8509387828,27082.150938781742
104747170727483433,26897.8509387828,27082.150938781742
527462582139327589,26897.8509387828,27082.150938781742
316374267599905244,26897.8509387828,27082.150938781742
365003218520163037,26897.8509387828,27082.150938781742
993607328877943992,26897.8509387828,27082.150938781742
410654059359400405,26897.8509387828,27082.150938781742
944014330197679986,26897.8509387828,27082.150938781742
837283176055155057,17461.054295356753,17645.55429535675
113629458430367020,17461.054295356753,17645.55429535675
59163320550704480,17461.054295356753,17645.55429535675
492949517066793444,17461.054295356753,17645.55429535675
327166168867369559,17461.054295356753,17645.55429535675
346173958385708887,17461.054295356753,17645.55429535675
145730073947009158,17461.054295356753,17645.55429535675
478794702758283224,17461.054295356753,17645.55429535675
8447683544345885,17461.054295356753,17645.55429535675
295669441640953330,17461.054295356753,17645.55429535675
363277588316914232,26897.9509387828,27082.150938781742
192390594953435747,26897.9509387828,27082.150938781742
188989457516053798,26897.9509387828,27082.150938781742
581941581598028823,26897.9509387828,27082.150938781742
195932226551981868,26897.9509387828,27082.150938781742
144873048602269661,26897.9509387828,27082.150938781742
526551408836540266,26897.9509387828,27082.150938781742
776007060683054841,26897.9509387828,27082.150938781742
685559451705127384,26897.9509387828,27082.150938781742
388615241890682405,26897.9509387828,27082.150938781742
82203557682352092,26897.8509387828,27082.150938781742
90484702032169366,26897.8509387828,27082.150938781742
801707801070484771,26897.8509387828,27082.150938781742
197771610684264088,26897.8509387828,27082.150938781742
298255176768662564,26897.8509387828,27082.150938781742
783019174270161268,26897.8509387828,27082.150938781742
942534994601995671,26897.8509387828,27082.150938781742
660243092908728084,26897.8509387828,27082.150938781742
251844386067156793,26897.8509387828,27082.150938781742
298530698329842614,26897.8509387828,27082.150938781742
504385755232325380,37785.72713593437,37945.82713593292
295994537768260581,37785.72713593437,37945.82713593292
558634545869793367,37785.72713593437,37945.82713593292
360268970197423901,37785.72713593437,37945.82713593292
827605276653342373,37785.72713593437,37945.82713593292
983167797656449888,37785.72713593437,37945.82713593292
297891408703942306,37785.72713593437,37945.82713593292
575641223538773240,37785.72713593437,37945.82713593292
457362624155990848,37785.72713593437,37945.82713593292
253696060041202362,37785.72713593437,37945.82713593292
727619568612449556,37598.75103077446,37741.85103077316
306480068285056909,37598.75103077446,37741.85103077316
321588800145422015,37598.75103077446,37741.85103077316
500422764646943137,37598.75103077446,37741.85103077316
396587560462285020,37598.75103077446,37741.85103077316
706507851017865489,37598.75103077446,37741.85103077316
787944652045497446,37598.75103077446,37741.85103077316
111859778593013712,37598.75103077446,37741.85103077316
293039082006302086,37598.75103077446,37741.85103077316
858537887858680306,37598.75103077446,37741.85103077316
127966418289623801,2652.4422019883714,2748.5422019884973
787150354469332877,37571.051030774695,37741.85103077316
381036736157089168,37571.051030774695,37741.85103077316
620650681076333614,37571.051030774695,37741.85103077316
857019264125546648,37571.051030774695,37741.85103077316
153588817833628470,37571.051030774695,37741.85103077316
920813305401885236,37571.051030774695,37741.85103077316
71269150434928543,37571.051030774695,37741.85103077316
21825718241523557,37571.051030774695,37741.85103077316
545818993859368203,37571.051030774695,37741.85103077316
986343392109421290,37571.051030774695,37741.85103077316
130918565467284733,40587.39199472214,40769.69199472046
488494628097745095,40587.39199472214,40769.69199472046
825349925157547539,40587.39199472214,40769.69199472046
577817272378648175,40587.39199472214,40769.69199472046
619814335124402945,40587.39199472214,40769.69199472046
771031920226915022,40587.39199472214,40769.69199472046
874536983070387712,40587.39199472214,40769.69199472046
230722419948949199,40587.39199472214,40769.69199472046
573154901408230248,40587.39199472214,40769.69199472046
62624433049954896,40587.39199472214,40769.69199472046
679776507696136874,-1304.0659652709899,-1119.3659652709957
715032442938589110,-1304.0659652709899,-1119.3659652709957
887107849106901382,-1304.0659652709899,-1119.3659652709957
277384205114262813,-1304.0659652709899,-1119.3659652709957
526575926997655461,-1304.0659652709899,-1119.3659652709957
380456218597285867,-1304.0659652709899,-1119.3659652709957
112768512544928349,-1304.0659652709899,-1119.3659652709957
415445072645506729,-1304.0659652709899,-1119.3659652709957
864170012243231287,-1304.0659652709899,-1119.3659652709957
984461305043397277,-1304.0659652709899,-1119.3659652709957
491146597167193667,-184.7999999999938,0.0
776716429743045056,-184.7999999999938,0.0
255400333747888896,-184.7999999999938,0.0
844218861950221650,-184.7999999999938,0.0
502725929703367653,-184.7999999999938,0.0
305231713621249975,-184.7999999999938,0.0
840398459991233790,-184.7999999999938,0.0
985819821708894740,-184.7999999999938,0.0
701762056186602798,-184.7999999999938,0.0
687105739844769070,-184.7999999999938,0.0
263366049926754512,-184.7999999999938,0.0
958059561484312574,-184.7999999999938,0.0
472481226419825453,-184.7999999999938,0.0
3633649176341248,-184.7999999999938,0.0
680192244840670670,-184.7999999999938,0.0
390228890022455857,-184.7999999999938,0.0
183983534005570010,-184.7999999999938,0.0
200180667993443053,-184.7999999999938,0.0
588561268828071973,-184.7999999999938,0.0
951915263977283100,-184.7999999999938,0.0
742525577433923250,-184.7999999999938,0.0
205573687683975406,-184.7999999999938,0.0
399762857169915377,-184.7999999999938,0.0
816532156990751033,-184.7999999999938,0.0
976099427153680309,-184.7999999999938,0.0
168588435015000662,-184.7999999999938,0.0
427456566849049656,-184.7999999999938,0.0
622732601225728461,-184.7999999999938,0.0
652911357252259913,-184.7999999999938,0.0
936901817669608242,-184.7999999999938,0.0
383878742743040927,-184.6999999999938,0.0
495090157237818552,-184.6999999999938,0.0
1708638396475632,-184.6999999999938,0.0
282236230171537329,-184.6999999999938,0.0
98630829231593538,-184.6999999999938,0.0
472456943438782540,-184.6999999999938,0.0
172805225930229875,-184.6999999999938,0.0
607647651939261386,-184.6999999999938,0.0
327089736547896454,-184.6999999999938,0.0
471659779750238312,-184.6999999999938,0.0
956036583353160142,-184.7999999999938,0.0
976925641774604320,-184.7999999999938,0.0
530984152728379518,-184.7999999999938,0.0
79939332524224228,-184.7999999999938,0.0
237521272435068201,-184.7999999999938,0.0
549631199570118242,-184.7999999999938,0.0
603074186537609723,-184.7999999999938,0.0
536499280592798154,-184.7999999999938,0.0
808223495030889927,-184.7999999999938,0.0
816837773434578626,-184.7999999999938,0.0
76811746481249362,-183.99999999999383,0.0
47608689826093289,-183.99999999999383,0.0
4063439929104812,-183.99999999999383,0.0
94694658917098059,-183.99999999999383,0.0
53951354545499755,-183.99999999999383,0.0
298668226968319986,-183.99999999999383,0.0
283506171430367322,-183.99999999999383,0.0
990558024867176220,-183.99999999999383,0.0
873175501664669166,-183.99999999999383,0.0
54091226871498096,-183.99999999999383,0.0
286340808768705045,4038.8908577385932,4158.790857738713
924711886221413661,-164.89999999999492,0.0
539811688599951266,-164.89999999999492,0.0
504990153062396087,-164.89999999999492,0.0
211010439202034836,-164.89999999999492,0.0
296170320123617470,-164.89999999999492,0.0
145330345691405279,-164.89999999999492,0.0
343363295940483178,-164.89999999999492,0.0
712796602113674745,-164.89999999999492,0.0
443564128133377070,-164.89999999999492,0.0
871492039718630462,-164.89999999999492,0.0
373757979598308985,-183.89999999999384,0.0
53611482430217396,-183.89999999999384,0.0
703277889921343439,-183.89999999999384,0.0
409414157767480364,-183.89999999999384,0.0
278931619490921214,-183.89999999999384,0.0
422169140289172106,-183.89999999999384,0.0
410277665820838613,-183.89999999999384,0.0
824210616883555597,-183.89999999999384,0.0
223523703831041623,-183.89999999999384,0.0
881708127610809743,-183.89999999999384,0.0
149583688677879677,-223.2138857227692,-223.2138857227692
851951415708945255,-223.2138857227692,-223.2138857227692
82759327485579905,-223.2138857227692,-223.2138857227692
131797307077449657,-223.2138857227692,-223.2138857227692
270524064208657518,-223.2138857227692,-223.2138857227692
200229375808755906,-223.2138857227692,-223.2138857227692
57708913785377736,-223.2138857227692,-223.2138857227692
853001541015394420,-223.2138857227692,-223.2138857227692
12951971945899493,-223.2138857227692,-223.2138857227692
736773652176620643,-223.2138857227692,-223.2138857227692
840044386502498930,0.0,0.0
771448686105754692,0.0,0.0
95308040558091946,0.0,0.0
692757526092824900,0.0,0.0
573450983678708689,0.0,0.0
687389493757931759,0.0,0.0
991940787503244705,0.0,0.0
875076206944816038,0.0,0.0
873836406296165909,0.0,0.0
207000149135921739,0.0,0.0
266325610176154243,1829.017536686024,1829.517536686024
360795590759736307,1829.017536686024,1829.517536686024
422299443011080671,1829.017536686024,1829.517536686024
778881164066406981,1829.017536686024,1829.517536686024
894547532243908640,1829.017536686024,1829.517536686024
102502779445898177,1829.017536686024,1829.517536686024
238518090475439399,1829.017536686024,1829.517536686024
322046837473701054,1829.017536686024,1829.517536686024
53563231333009427,1829.017536686024,1829.517536686024
947571527892622608,1829.017536686024,1829.517536686024
274390210401518709,-345.49777949890995,-345.49777949890995
784982951967142716,-345.49777949890995,-345.49777949890995
879610656038538311,-345.49777949890995,-345.49777949890995
644472472475427229,-345.49777949890995,-345.49777949890995
376970689192559699,-345.49777949890995,-345.49777949890995
507470293871788260,-345.49777949890995,-345.49777949890995
662392506227619362,-345.49777949890995,-345.49777949890995
880174596056993207,-345.49777949890995,-345.49777949890995
964808470300377915,-345.49777949890995,-345.49777949890995
44306019807695255,-345.49777949890995,-345.49777949890995
571286997250199132,2371.4407916376776,2390.1407916376684
713451335991453353,2371.4407916376776,2390.1407916376684
576089370713303319,2371.4407916376776,2390.1407916376684
27623050549369903,2371.4407916376776,2390.1407916376684
120254385522024516,2371.4407916376776,2390.1407916376684
452419664292948524,2371.4407916376776,2390.1407916376684
84149737796282719,2371.4407916376776,2390.1407916376684
775458569053373487,2371.4407916376776,2390.1407916376684
221840254095455616,2371.4407916376776,2390.1407916376684
136887264831913182,2371.4407916376776,2390.1407916376684
210823654205716518,-1050.2751932749843,-1038.9751932749768
509361768006381771,-1050.2751932749843,-1038.9751932749768
495395744170020517,-1050.2751932749843,-1038.9751932749768
264963995150444098,-1050.2751932749843,-1038.9751932749768
450573737724233285,-1050.2751932749843,-1038.9751932749768
834253493685462469,-1050.2751932749843,-1038.9751932749768
756975769031164070,-1050.2751932749843,-1038.9751932749768
472297035218930716,-1050.2751932749843,-1038.9751932749768
645754123669667342,-1050.2751932749843,-1038.9751932749768
800722001498766,-1050.2751932749843,-1038.9751932749768
261400249118890182,4846.725826210267,4922.725826210268
405775962427456810,4846.725826210267,4922.725826210268
121526558156294614,4846.725826210267,4922.725826210268
528240445596744154,4846.725826210267,4922.725826210268
849608243730945521,4846.725826210267,4922.725826210268
609321716522153630,4846.725826210267,4922.725826210268
824726636912850650,4846.725826210267,4922.725826210268
362667206429035285,4846.725826210267,4922.725826210268
460964387650971247,4846.725826210267,4922.725826210268
624034525773228663,4846.725826210267,4922.725826210268
760211576113391926,-2136.391240489847,-2008.6912404898994
797613915623012612,-2136.391240489847,-2008.6912404898994
296189708689980479,-2136.391240489847,-2008.6912404898994
955748513026374223,-2136.391240489847,-2008.6912404898994
323875109580214212,-2136.391240489847,-2008.6912404898994
729195036879289880,-2136.391240489847,-2008.6912404898994
110556429408235437,-2136.391240489847,-2008.6912404898994
189700253737674257,-2136.391240489847,-2008.6912404898994
388333556515395679,-2136.391240489847,-2008.6912404898994
29919164111327518,-2136.391240489847,-2008.6912404898994
989743401069451563,516.3010177194209,675.9010177193031
729652302920593705,516.2010177194205,675.9010177193031
677432336581731887,516.2010177194205,675.9010177193031
543678543143476148,516.2010177194205,675.9010177193031
451259018447397636,516.2010177194205,675.9010177193031
662849168180200464,516.2010177194205,675.9010177193031
800796762241680018,516.2010177194205,675.9010177193031
238002791535106130,516.2010177194205,675.9010177193031
454605864921860863,516.2010177194205,675.9010177193031
861386684496186780,516.2010177194205,675.9010177193031
704204715905882743,14065.075976074924,14116.27597607498
493564829892662884,8304.95298894841,8474.752988948894
399301803810104517,8304.95298894841,8474.752988948894
630878894713263577,8304.95298894841,8474.752988948894
163550676432576938,8304.95298894841,8474.752988948894
759747931585915602,8304.95298894841,8474.752988948894
478708483050903099,8304.95298894841,8474.752988948894
288744647984164592,8304.95298894841,8474.752988948894
880832055329803095,8304.95298894841,8474.752988948894
143200984199330925,8304.95298894841,8474.752988948894
58705928684132749,8304.95298894841,8474.752988948894
629352481069686759,6326.345490176864,6486.145490177303
217763855497070191,6326.345490176864,6486.145490177303
86414822659798889,6326.345490176864,6486.145490177303
383442426626151771,6326.345490176864,6486.145490177303
374613186201892194,6326.345490176864,6486.145490177303
924424986437267690,6326.345490176864,6486.145490177303
944909887430517431,6326.345490176864,6486.145490177303
17598593670833508,6326.345490176864,6486.145490177303
408425400391893882,6326.345490176864,6486.145490177303
328200544145660190,6326.345490176864,6486.145490177303
720003499094092286,10941.423743945983,11073.523743946273
751246282776982579,10941.423743945983,11073.523743946273
373975596848456488,10941.423743945983,11073.523743946273
314870509275279371,10941.423743945983,11073.523743946273
650689374932687234,10941.423743945983,11073.523743946273
341309300163302655,10941.423743945983,11073.523743946273
207592096730854174,10941.423743945983,11073.523743946273
118118078107910195,10941.423743945983,11073.523743946273
626274581863006465,10941.423743945983,11073.523743946273
644526211926100640,10941.423743945983,11073.523743946273
258089057577490050,5239.3432622949185,5343.943262295017
951379466103788724,5239.443262294919,5343.943262295017
659972362685054969,5239.443262294919,5343.943262295017
218854659541481785,5239.443262294919,5343.943262295017
97785145831646750,5239.443262294919,5343.943262295017
834779486698868504,5239.443262294919,5343.943262295017
895955598107372226,5239.443262294919,5343.943262295017
749214122626074864,5239.443262294919,5343.943262295017
541798246311323882,5239.443262294919,5343.943262295017
925464271604859137,5239.443262294919,5343.943262295017
818909946167843924,171.3435329973468,273.2435329973159
417505718251425456,171.3435329973468,273.2435329973159
46557552891646900,171.3435329973468,273.2435329973159
527684635367162522,171.3435329973468,273.2435329973159
629796598688875979,171.3435329973468,273.2435329973159
597595847910860909,171.3435329973468,273.2435329973159
293563365614291514,171.3435329973468,273.2435329973159
474193613641234060,171.3435329973468,273.2435329973159
310689562739690325,171.3435329973468,273.2435329973159
114831741945628887,171.3435329973468,273.2435329973159
792102491193648937,3564.0075480805126,3689.207548080625
898913927957063923,3563.9075480805122,3689.207548080625
876984967443378832,3563.9075480805122,3689.207548080625
851431691305122214,3563.9075480805122,3689.207548080625
293695991153712012,3563.9075480805122,3689.207548080625
170489136207137403,3563.9075480805122,3689.207548080625
174044707698391075,3563.9075480805122,3689.207548080625
477710171270175672,3563.9075480805122,3689.207548080625
283389652768228856,3563.9075480805122,3689.207548080625
905326457763796889,3563.9075480805122,3689.207548080625
93341940919102615,-412.8011903569511,-309.90119035698626
275446048809928537,-412.70119035695166,-309.90119035698626
564653053816212162,-412.70119035695166,-309.90119035698626
857917279916027126,-412.70119035695166,-309.90119035698626
419619724602096140,-412.70119035695166,-309.90119035698626
890134336896611421,-412.70119035695166,-309.90119035698626
842318578521659338,-412.70119035695166,-309.90119035698626
240559544155186456,-412.70119035695166,-309.90119035698626
274430552998533631,-412.70119035695166,-309.90119035698626
670304738783868060,-412.70119035695166,-309.90119035698626
892937082454092375,786.1382485277468,887.0382485277023
546318437573744553,786.1382485277468,887.0382485277023
634412582316910400,786.1382485277468,887.0382485277023
969111740779749921,786.1382485277468,887.0382485277023
424572189364158917,786.1382485277468,887.0382485277023
675031393340566935,786.1382485277468,887.0382485277023
661790727402692841,786.1382485277468,887.0382485277023
80740600854397802,786.1382485277468,887.0382485277023
908613404005717170,786.1382485277468,887.0382485277023
234721996144500200,786.1382485277468,887.0382485277023
436391290886033421,981.2893361932852,1083.6893361932525
226552932092277653,981.2893361932852,1083.6893361932525
340009926045345308,981.2893361932852,1083.6893361932525
499329503449236638,981.2893361932852,1083.6893361932525
216016158582911105,981.2893361932852,1083.6893361932525
887345070952837565,981.2893361932852,1083.6893361932525
736287731755051449,981.2893361932852,1083.6893361932525
136812828749851001,981.2893361932852,1083.6893361932525
494815661233314895,981.2893361932852,1083.6893361932525
979807950624675650,981.2893361932852,1083.6893361932525
42996208936422801,7126.970903961355,7215.170903961534
607679167197160164,651.1147359887957,768.8147359887716
103594071103496978,651.1147359887957,768.8147359887716
914218637818032031,651.1147359887957,768.8147359887716
971476691681330828,651.1147359887957,768.8147359887716
509012538641196047,651.1147359887957,768.8147359887716
626110531969673571,651.1147359887957,768.8147359887716
733919427206407246,651.1147359887957,768.8147359887716
640378020647896814,651.1147359887957,768.8147359887716
208174634713832769,651.1147359887957,768.8147359887716
713556123855351253,651.1147359887957,768.8147359887716
17098288439985184,1915.9399866869394,2029.7399866868927
197961605133397076,1915.9399866869394,2029.7399866868927
636745647404800432,1915.9399866869394,2029.7399866868927
494392035455622058,1915.9399866869394,2029.7399866868927
349474914731400509,1915.9399866869394,2029.7399866868927
729553683481470436,1915.9399866869394,2029.7399866868927
141766218310343294,1915.9399866869394,2029.7399866868927
715148048535635456,1915.9399866869394,2029.7399866868927
13808221881817506,1915.9399866869394,2029.7399866868927
758902561380330105,1915.9399866869394,2029.7399866868927
739443701376450082,37750.05429617692,37750.754296176914
620242246897506071,37750.05429617692,37750.754296176914
93911683541785284,37750.05429617692,37750.754296176914
763960705235057744,37750.05429617692,37750.754296176914
967546279411397694,37750.05429617692,37750.754296176914
739275983911273363,37750.05429617692,37750.754296176914
67141662555608075,37750.05429617692,37750.754296176914
417146538417473925,37750.05429617692,37750.754296176914
849285812874306831,37750.05429617692,37750.754296176914
60214334738963798,37750.05429617692,37750.754296176914
420329183645549574,38738.36234408998,38790.062344089536
842830419491998173,38938.13396999406,38989.93396999361
526858707145759681,38938.13396999406,38989.93396999361
628833298906236939,38938.13396999406,38989.93396999361
817241004881966910,38938.13396999406,38989.93396999361
411112214881045418,38938.13396999406,38989.93396999361
404376055289805441,38938.13396999406,38989.93396999361
25078863301224329,38938.13396999406,38989.93396999361
693920302334537187,38938.13396999406,38989.93396999361
785507582786736184,38938.13396999406,38989.93396999361
445333364107481471,42382.1913535211,42561.891353519444
619636991225160811,42382.1913535211,42561.891353519444
533460020516909664,42382.1913535211,42561.891353519444
995016841270780497,42382.1913535211,42561.891353519444
77684338059535190,42382.1913535211,42561.891353519444
457731374307288122,42382.1913535211,42561.891353519444
88181723312513935,42382.1913535211,42561.891353519444
168985237429848507,42382.1913535211,42561.891353519444
804006234232211893,42382.1913535211,42561.891353519444
372900323429196197,42382.1913535211,42561.891353519444
451022452705356936,38195.460998536524,38344.76099853516
772573165545568196,38195.460998536524,38344.76099853516
846830704054573416,38195.460998536524,38344.76099853516
528218430094518722,38195.460998536524,38344.76099853516
648256104696229977,38195.460998536524,38344.76099853516
865064922114640486,38195.460998536524,38344.76099853516
862284759470420903,38195.460998536524,38344.76099853516
505676893710068362,38195.460998536524,38344.76099853516
806260763705730888,38195.460998536524,38344.76099853516
970114741020830838,38195.460998536524,38344.76099853516
507149340596046706,38225.31361511341,38347.01361511231
320811737611673030,38225.31361511341,38347.01361511231
628919294953991354,38225.31361511341,38347.01361511231
171932323980182360,38225.31361511341,38347.01361511231
949960185072724412,38225.31361511341,38347.01361511231
960120037586194686,38225.31361511341,38347.01361511231
272348088190875356,38225.31361511341,38347.01361511231
705785596310005655,38225.31361511341,38347.01361511231
707017956407228997,38225.31361511341,38347.01361511231
214246813167519953,38225.31361511341,38347.01361511231
77384519891122447,37878.42713593351,37945.82713593292
988384917810473829,37878.42713593351,37945.82713593292
81919267237930740,37878.42713593351,37945.82713593292
135488901495634571,37878.42713593351,37945.82713593292
375902996120609724,37878.42713593351,37945.82713593292
406602534363296412,37878.42713593351,37945.82713593292
989298195784705130,37878.42713593351,37945.82713593292
341927977352975022,37878.42713593351,37945.82713593292
282954025805658697,37878.42713593351,37945.82713593292
934009439402120269,37878.42713593351,37945.82713593292
616198592794512710,37841.52713593386,37945.82713593292
955885603293933413,37841.52713593386,37945.82713593292
665298974101806063,37841.52713593386,37945.82713593292
813337276642457832,37841.52713593386,37945.82713593292
156209413039182152,37841.52713593386,37945.82713593292
425849540420601723,37841.52713593386,37945.82713593292
806755546188525564,37841.52713593386,37945.82713593292
164680241435678616,37841.52713593386,37945.82713593292
941181681847427173,37841.52713593386,37945.82713593292
680909346131903400,37841.52713593386,37945.82713593292
450171448487029513,37893.22713593338,37945.82713593292
982562992035653176,37893.22713593338,37945.82713593292
551433476259044404,37893.22713593338,37945.82713593292
310460711503424348,37893.22713593338,37945.82713593292
671154471258645021,37893.22713593338,37945.82713593292
152531763106633110,37893.22713593338,37945.82713593292
154402761515733938,37893.22713593338,37945.82713593292
870460232872083149,37893.22713593338,37945.82713593292
118062111636908672,37893.22713593338,37945.82713593292
755058839408449980,37893.22713593338,37945.82713593292
679309606390331389,37892.8271359334,37945.82713593292
330603091125703010,37892.8271359334,37945.82713593292
341763082025562602,37892.8271359334,37945.82713593292
218827053642658683,37892.8271359334,37945.82713593292
246773554964775486,37892.8271359334,37945.82713593292
346420603313561124,37892.8271359334,37945.82713593292
813108301641220058,37892.8271359334,37945.82713593292
93382930992981763,37892.8271359334,37945.82713593292
58987392675917915,37892.8271359334,37945.82713593292
864501850936808259,37892.8271359334,37945.82713593292
804829380019127469,9545.089433582585,9616.18943358276
352054751988693573,37880.927135933496,37945.82713593292
549501621592500955,37880.927135933496,37945.82713593292
451189640552398434,37880.927135933496,37945.82713593292
952124317413409538,37880.927135933496,37945.82713593292
64870123187164774,37880.927135933496,37945.82713593292
53525770394583175,37880.927135933496,37945.82713593292
247938183409894963,37880.927135933496,37945.82713593292
43649673892254118,37880.927135933496,37945.82713593292
720407810140808243,37880.927135933496,37945.82713593292
694093227218058560,37880.927135933496,37945.82713593292
757817021569469956,37905.42713593327,37945.82713593292
114958584684538022,37905.42713593327,37945.82713593292
84729255682485419,37905.42713593327,37945.82713593292
137530772934123905,37905.42713593327,37945.82713593292
956471567918589087,37905.42713593327,37945.82713593292
83744011619909349,37905.42713593327,37945.82713593292
821613700312544645,37905.42713593327,37945.82713593292
548411538977989380,37905.42713593327,37945.82713593292
109293524044353844,37905.42713593327,37945.82713593292
64495764921613593,37905.42713593327,37945.82713593292
716137108430420236,31837.627890472715,31869.027890472476
358710879213087856,31837.627890472715,31869.027890472476
168357081934819640,31837.627890472715,31869.027890472476
945361979857246946,31837.627890472715,31869.027890472476
872068816958333291,31837.627890472715,31869.027890472476
465756733428187608,31837.627890472715,31869.027890472476
947881373898173602,31837.627890472715,31869.027890472476
984911660622013692,31837.627890472715,31869.027890472476
668590324895272898,31837.627890472715,31869.027890472476
191655515713010313,31837.627890472715,31869.027890472476
547433681951995318,36079.95362171605,36139.15362171555
996021699276824025,36079.95362171605,36139.15362171555
875234420786281352,36079.95362171605,36139.15362171555
391337452784265593,36079.95362171605,36139.15362171555
666729350670157084,36079.95362171605,36139.15362171555
304335402633662350,36079.95362171605,36139.15362171555
602830679140156890,36079.95362171605,36139.15362171555
899450405023532584,36079.95362171605,36139.15362171555
30697200302373021,36079.95362171605,36139.15362171555
914829744700737508,36079.95362171605,36139.15362171555
311853974295750908,37896.82713593335,37945.82713593292
942337906393537065,37896.82713593335,37945.82713593292
19692180309086756,37896.82713593335,37945.82713593292
894902780468996923,37896.82713593335,37945.82713593292
758808018435468211,37896.82713593335,37945.82713593292
391233419492409127,37896.82713593335,37945.82713593292
140212708162953597,37896.82713593335,37945.82713593292
496684899747464918,37896.82713593335,37945.82713593292
531997225159688506,37896.82713593335,37945.82713593292
441175586900813743,37896.82713593335,37945.82713593292
92644827025384278,25833.996668552783,25864.796668552604
674070966354102348,25833.996668552783,25864.796668552604
607944619893206219,25833.996668552783,25864.796668552604
318057513911165058,25833.996668552783,25864.796668552604
125528553874723707,25833.996668552783,25864.796668552604
237556045222657686,25833.996668552783,25864.796668552604
184246722526960764,25833.996668552783,25864.796668552604
356171528827105313,25833.996668552783,25864.796668552604
240233806344052953,25833.996668552783,25864.796668552604
308189154899168964,25833.996668552783,25864.796668552604
710347705222822972,13026.015788116887,13031.5157881169
459471521476417208,13026.115788116886,13031.5157881169
763983284304644241,13026.115788116886,13031.5157881169
122290587319476481,13026.115788116886,13031.5157881169
720949374651637707,13026.115788116886,13031.5157881169
207158516964266765,13026.115788116886,13031.5157881169
35329706309130655,13026.115788116886,13031.5157881169
604232212239374149,13026.115788116886,13031.5157881169
328769274349563194,13026.115788116886,13031.5157881169
842197993731999590,13026.115788116886,13031.5157881169
954520976952124068,6982.61892733429,6985.618927334297
712411672940856157,6982.61892733429,6985.618927334297
190102475128984888,6982.61892733429,6985.618927334297
602955393309788234,6982.61892733429,6985.618927334297
618307633448574658,6982.61892733429,6985.618927334297
521079252447735200,6982.61892733429,6985.618927334297
990666657330620414,6982.61892733429,6985.618927334297
311411571741574487,6982.61892733429,6985.618927334297
954459892865676957,6982.61892733429,6985.618927334297
552233956377723533,6982.61892733429,6985.618927334297
146899270968692710,10785.024172523841,10803.224172523885
190586844510849872,10785.024172523841,10803.224172523885
201968998602230416,10785.024172523841,10803.224172523885
653480531631525152,10785.024172523841,10803.224172523885
109692082960976697,10785.024172523841,10803.224172523885
638443859321351366,10785.024172523841,10803.224172523885
700876562871621836,10785.024172523841,10803.224172523885
659911080889253472,10785.024172523841,10803.224172523885
401139763284303031,10785.024172523841,10803.224172523885
529937820919613072,10785.024172523841,10803.224172523885
73072946580634397,20792.158708920302,20833.158708920204
973121656768311381,30824.88971138461,30877.889711384152
951904041596951238,30824.789711384612,30877.889711384152
352268986586186712,30824.789711384612,30877.889711384152
130106532579802547,30824.789711384612,30877.889711384152
544971969748126041,30824.789711384612,30877.889711384152
514380990787910974,30824.789711384612,30877.889711384152
322443434277227684,30824.789711384612,30877.889711384152
830144353094710336,30824.789711384612,30877.889711384152
348299967404879386,30824.789711384612,30877.889711384152
299116486944898426,30824.789711384612,30877.889711384152
77678059722060042,-2064.777097228744,-2051.0770972287473
672344969815080059,-2064.6770972287436,-2051.0770972287473
678233608930471253,-2064.6770972287436,-2051.0770972287473
29822811543790478,-2064.6770972287436,-2051.0770972287473
745873284387855764,-2064.6770972287436,-2051.0770972287473
989223961976690260,-2064.6770972287436,-2051.0770972287473
606915371293097983,-2064.6770972287436,-2051.0770972287473
794320231805190880,-2064.6770972287436,-2051.0770972287473
940189315546801827,-2064.6770972287436,-2051.0770972287473
362259748624743315,-2064.6770972287436,-2051.0770972287473
